Date Time (ET), Port of Albany (°F),Norrie Point (°F),Piermont (°F)
8/25/11 0:00,74.678,76.118,no data available
8/25/11 0:15,74.696,76.082,
8/25/11 0:30,74.714,76.118,
8/25/11 0:45,74.696,76.064,
8/25/11 1:00,74.678,76.064,
8/25/11 1:15,74.678,76.082,
8/25/11 1:30,74.678,76.082,
8/25/11 1:45,74.66,75.992,
8/25/11 2:00,74.66,76.028,
8/25/11 2:15,74.696,76.028,
8/25/11 2:30,74.66,76.01,
8/25/11 2:45,74.696,75.992,
8/25/11 3:00,74.696,75.992,
8/25/11 3:15,74.732,75.956,
8/25/11 3:30,74.732,75.956,
8/25/11 3:45,74.732,75.938,
8/25/11 4:00,74.624,75.956,
8/25/11 4:15,74.696,75.938,
8/25/11 4:30,74.696,75.902,
8/25/11 4:45,74.678,75.884,
8/25/11 5:00,74.714,75.884,
8/25/11 5:15,74.732,75.848,
8/25/11 5:30,74.75,75.866,
8/25/11 5:45,74.75,75.83,
8/25/11 6:00,74.732,75.794,
8/25/11 6:15,74.732,75.776,
8/25/11 6:30,74.75,75.74,
8/25/11 6:45,74.75,75.758,
8/25/11 7:00,74.75,75.758,
8/25/11 7:15,74.768,75.686,
8/25/11 7:30,74.786,75.74,
8/25/11 7:45,74.804,75.686,
8/25/11 8:00,74.804,75.704,
8/25/11 8:15,74.822,75.758,
8/25/11 8:30,74.84,75.758,
8/25/11 8:45,74.858,75.812,
8/25/11 9:00,74.876,75.866,
8/25/11 9:15,74.858,75.866,
8/25/11 9:30,74.876,75.902,
8/25/11 9:45,74.858,75.902,
8/25/11 10:00,74.858,75.884,
8/25/11 10:15,74.858,75.884,
8/25/11 10:30,74.84,75.848,
8/25/11 10:45,74.822,75.83,
8/25/11 11:00,74.804,75.866,
8/25/11 11:15,74.786,75.866,
8/25/11 11:30,74.804,75.83,
8/25/11 11:45,74.804,75.74,
8/25/11 12:00,74.804,75.866,
8/25/11 12:15,74.804,75.884,
8/25/11 12:30,74.804,75.902,
8/25/11 12:45,74.804,75.938,
8/25/11 13:00,74.804,75.92,
8/25/11 13:15,74.804,75.938,
8/25/11 13:30,74.804,75.902,
8/25/11 13:45,74.84,75.956,
8/25/11 14:00,74.822,75.938,
8/25/11 14:15,74.822,75.938,
8/25/11 14:30,74.84,75.938,
8/25/11 14:45,74.84,75.938,
8/25/11 15:00,74.822,75.974,
8/25/11 15:15,74.84,75.974,
8/25/11 15:30,74.84,76.01,
8/25/11 15:45,74.84,76.01,
8/25/11 16:00,74.822,75.956,
8/25/11 16:15,74.93,75.956,
8/25/11 16:30,75.074,75.956,
8/25/11 16:45,74.948,75.938,
8/25/11 17:00,74.93,76.01,
8/25/11 17:15,74.894,75.992,
8/25/11 17:30,74.858,75.992,
8/25/11 17:45,74.804,75.992,
8/25/11 18:00,74.588,76.01,
8/25/11 18:15,74.48,75.992,
8/25/11 18:30,74.39,75.974,
8/25/11 18:45,74.444,75.974,
8/25/11 19:00,74.408,75.938,
8/25/11 19:15,74.39,75.938,
8/25/11 19:30,74.336,75.92,
8/25/11 19:45,74.354,75.902,
8/25/11 20:00,74.246,75.884,
8/25/11 20:15,74.318,75.902,
8/25/11 20:30,74.228,75.884,
8/25/11 20:45,74.21,75.902,
8/25/11 21:00,74.21,75.866,
8/25/11 21:15,74.174,75.884,
8/25/11 21:30,74.174,75.884,
8/25/11 21:45,74.156,75.884,
8/25/11 22:00,74.156,75.884,
8/25/11 22:15,74.138,75.884,
8/25/11 22:30,74.138,75.902,
8/25/11 22:45,74.156,75.902,
8/25/11 23:00,74.174,75.866,
8/25/11 23:15,74.192,75.884,
8/25/11 23:30,74.192,75.848,
8/25/11 23:45,74.192,75.866,
8/26/11 0:00,74.192,75.902,
8/26/11 0:15,74.174,75.866,
8/26/11 0:30,74.174,75.866,
8/26/11 0:45,74.174,75.848,
8/26/11 1:00,74.174,75.776,
8/26/11 1:15,74.156,75.848,
8/26/11 1:30,74.156,75.83,
8/26/11 1:45,74.138,75.848,
8/26/11 2:00,74.138,75.83,
8/26/11 2:15,74.138,75.794,
8/26/11 2:30,74.12,75.776,
8/26/11 2:45,74.084,75.812,
8/26/11 3:00,74.084,75.812,
8/26/11 3:15,74.12,75.812,
8/26/11 3:30,74.084,75.794,
8/26/11 3:45,74.084,75.758,
8/26/11 4:00,74.066,75.74,
8/26/11 4:15,74.084,75.758,
8/26/11 4:30,74.102,75.758,
8/26/11 4:45,74.102,75.74,
8/26/11 5:00,74.102,75.686,
8/26/11 5:15,74.102,75.704,
8/26/11 5:30,73.976,75.686,
8/26/11 5:45,73.85,75.686,
8/26/11 6:00,73.742,75.686,
8/26/11 6:15,73.742,75.65,
8/26/11 6:30,73.652,75.65,
8/26/11 6:45,73.562,75.65,
8/26/11 7:00,73.472,75.614,
8/26/11 7:15,73.49,75.65,
8/26/11 7:30,73.382,75.614,
8/26/11 7:45,73.328,75.668,
8/26/11 8:00,73.274,75.65,
8/26/11 8:15,73.274,75.668,
8/26/11 8:30,73.22,75.704,
8/26/11 8:45,73.112,75.704,
8/26/11 9:00,73.094,75.758,
8/26/11 9:15,73.148,75.776,
8/26/11 9:30,73.094,75.848,
8/26/11 9:45,73.076,75.884,
8/26/11 10:00,73.094,75.92,
8/26/11 10:15,73.184,76.028,
8/26/11 10:30,73.274,76.136,
8/26/11 10:45,73.112,76.172,
8/26/11 11:00,73.4,76.136,
8/26/11 11:15,73.598,76.334,
8/26/11 11:30,73.76,76.334,
8/26/11 11:45,73.958,76.874,
8/26/11 12:00,73.688,76.802,
8/26/11 12:15,73.328,77.018,
8/26/11 12:30,73.22,76.37,
8/26/11 12:45,73.22,76.406,
8/26/11 13:00,74.192,76.46,
8/26/11 13:15,74.462,76.388,
8/26/11 13:30,73.85,76.46,
8/26/11 13:45,73.4,76.658,
8/26/11 14:00,73.652,76.388,
8/26/11 14:15,73.49,76.712,
8/26/11 14:30,73.526,76.514,
8/26/11 14:45,73.688,76.226,
8/26/11 15:00,73.706,76.19,
8/26/11 15:15,73.508,76.316,
8/26/11 15:30,73.724,76.154,
8/26/11 15:45,73.634,76.244,
8/26/11 16:00,73.868,76.208,
8/26/11 16:15,74.084,76.172,
8/26/11 16:30,74.3,76.244,
8/26/11 16:45,74.408,76.208,
8/26/11 17:00,74.336,76.19,
8/26/11 17:15,74.264,76.298,
8/26/11 17:30,74.39,76.172,
8/26/11 17:45,74.534,76.316,
8/26/11 18:00,74.246,76.19,
8/26/11 18:15,74.372,76.244,
8/26/11 18:30,74.426,76.568,
8/26/11 18:45,74.282,76.64,
8/26/11 19:00,74.156,76.64,
8/26/11 19:15,74.084,76.676,
8/26/11 19:30,74.21,76.478,
8/26/11 19:45,74.192,76.586,
8/26/11 20:00,74.012,76.676,
8/26/11 20:15,74.246,76.388,
8/26/11 20:30,74.498,76.442,
8/26/11 20:45,74.318,76.37,
8/26/11 21:00,74.066,76.46,
8/26/11 21:15,74.12,76.532,
8/26/11 21:30,73.904,76.478,
8/26/11 21:45,73.85,76.37,
8/26/11 22:00,73.832,76.316,
8/26/11 22:15,73.796,76.316,
8/26/11 22:30,73.778,76.316,
8/26/11 22:45,73.796,76.298,
8/26/11 23:00,73.796,76.316,
8/26/11 23:15,73.85,76.388,
8/26/11 23:30,73.85,76.442,
8/26/11 23:45,73.814,76.388,
8/27/11 0:00,73.832,76.262,
8/27/11 0:15,73.814,76.334,
8/27/11 0:30,73.814,76.316,
8/27/11 0:45,73.832,76.37,
8/27/11 1:00,73.796,76.388,
8/27/11 1:15,73.832,76.406,
8/27/11 1:30,73.832,76.388,
8/27/11 1:45,73.832,76.352,
8/27/11 2:00,73.832,76.316,
8/27/11 2:15,73.832,76.316,
8/27/11 2:30,73.814,76.298,
8/27/11 2:45,73.814,76.28,
8/27/11 3:00,73.868,76.244,
8/27/11 3:15,73.832,76.244,
8/27/11 3:30,73.832,76.226,
8/27/11 3:45,73.796,76.226,
8/27/11 4:00,73.796,76.19,
8/27/11 4:15,73.778,76.154,
8/27/11 4:30,73.76,76.19,
8/27/11 4:45,73.706,76.172,
8/27/11 5:00,73.742,76.154,
8/27/11 5:15,73.742,76.172,
8/27/11 5:30,73.742,76.154,
8/27/11 5:45,73.724,76.118,
8/27/11 6:00,73.706,76.1,
8/27/11 6:15,73.688,76.1,
8/27/11 6:30,73.598,76.118,
8/27/11 6:45,73.634,76.1,
8/27/11 7:00,73.49,76.082,
8/27/11 7:15,73.49,76.082,
8/27/11 7:30,73.67,76.118,
8/27/11 7:45,73.472,76.064,
8/27/11 8:00,73.418,76.1,
8/27/11 8:15,73.382,76.01,
8/27/11 8:30,73.382,76.1,
8/27/11 8:45,73.436,76.1,
8/27/11 9:00,73.382,76.136,
8/27/11 9:15,73.382,76.172,
8/27/11 9:30,73.436,76.172,
8/27/11 9:45,73.436,76.172,
8/27/11 10:00,73.49,76.19,
8/27/11 10:15,73.58,76.172,
8/27/11 10:30,73.742,76.226,
8/27/11 10:45,73.76,76.244,
8/27/11 11:00,73.778,76.28,
8/27/11 11:15,73.868,76.334,
8/27/11 11:30,74.03,76.37,
8/27/11 11:45,73.922,76.388,
8/27/11 12:00,73.886,76.424,
8/27/11 12:15,74.354,76.478,
8/27/11 12:30,73.976,76.37,
8/27/11 12:45,74.156,76.388,
8/27/11 13:00,73.85,76.406,
8/27/11 13:15,73.76,76.388,
8/27/11 13:30,73.724,76.424,
8/27/11 13:45,73.724,76.442,
8/27/11 14:00,73.796,76.406,
8/27/11 14:15,73.904,76.46,
8/27/11 14:30,73.904,76.586,
8/27/11 14:45,73.886,76.622,
8/27/11 15:00,74.012,76.532,
8/27/11 15:15,73.958,76.514,
8/27/11 15:30,74.03,76.46,
8/27/11 15:45,74.336,76.514,
8/27/11 16:00,74.264,76.406,
8/27/11 16:15,74.228,76.352,
8/27/11 16:30,74.768,76.334,
8/27/11 16:45,74.678,76.388,
8/27/11 17:00,74.696,76.352,
8/27/11 17:15,74.678,76.352,
8/27/11 17:30,74.876,76.352,
8/27/11 17:45,75.02,76.298,
8/27/11 18:00,75.164,76.316,
8/27/11 18:15,75.2,76.298,
8/27/11 18:30,75.236,76.298,
8/27/11 18:45,75.218,76.298,
8/27/11 19:00,75.2,76.298,
8/27/11 19:15,75.218,76.262,
8/27/11 19:30,75.146,76.28,
8/27/11 19:45,75.092,76.262,
8/27/11 20:00,75.2,76.298,
8/27/11 20:15,75.02,76.334,
8/27/11 20:30,75.02,76.226,
8/27/11 20:45,75.002,76.244,
8/27/11 21:00,74.93,76.244,
8/27/11 21:15,74.858,76.208,
8/27/11 21:30,74.912,76.208,
8/27/11 21:45,74.84,76.19,
8/27/11 22:00,74.822,76.172,
8/27/11 22:15,74.84,76.172,
8/27/11 22:30,74.804,76.154,
8/27/11 22:45,74.75,76.154,
8/27/11 23:00,74.732,76.136,
8/27/11 23:15,74.696,76.136,
8/27/11 23:30,74.696,76.136,
8/27/11 23:45,74.678,76.118,
8/28/11 0:00,74.678,76.136,
8/28/11 0:15,74.696,76.136,
8/28/11 0:30,74.696,76.118,
8/28/11 0:45,74.678,76.136,
8/28/11 1:00,74.678,76.118,
8/28/11 1:15,74.678,76.046,
8/28/11 1:30,74.678,76.046,
8/28/11 1:45,74.678,76.082,
8/28/11 2:00,74.678,76.046,
8/28/11 2:15,74.66,75.992,
8/28/11 2:30,74.66,75.938,
8/28/11 2:45,74.642,75.884,
8/28/11 3:00,74.642,76.01,
8/28/11 3:15,74.642,75.938,
8/28/11 3:30,74.624,75.938,
8/28/11 3:45,74.66,75.866,
8/28/11 4:00,74.624,75.83,
8/28/11 4:15,74.588,75.812,
8/28/11 4:30,74.552,75.92,
8/28/11 4:45,74.57,75.794,
8/28/11 5:00,74.57,75.74,
8/28/11 5:15,74.552,75.74,
8/28/11 5:30,74.534,75.812,
8/28/11 5:45,74.462,75.758,
8/28/11 6:00,74.48,75.632,
8/28/11 6:15,74.462,75.614,
8/28/11 6:30,74.426,75.686,
8/28/11 6:45,74.408,75.632,
8/28/11 7:00,74.372,75.596,
8/28/11 7:15,74.336,75.56,
8/28/11 7:30,74.318,75.488,
8/28/11 7:45,74.3,75.344,
8/28/11 8:00,74.264,75.434,
8/28/11 8:15,74.192,75.29,
8/28/11 8:30,74.21,75.524,
8/28/11 8:45,74.102,75.578,
8/28/11 9:00,74.066,75.578,
8/28/11 9:15,74.03,75.506,
8/28/11 9:30,74.012,75.542,
8/28/11 9:45,74.012,75.542,
8/28/11 10:00,73.904,75.47,
8/28/11 10:15,73.904,75.542,
8/28/11 10:30,73.868,75.56,
8/28/11 10:45,73.886,75.542,
8/28/11 11:00,73.868,75.542,
8/28/11 11:15,73.904,75.416,
8/28/11 11:30,73.904,75.416,
8/28/11 11:45,73.886,75.38,
8/28/11 12:00,73.886,75.452,
8/28/11 12:15,73.832,75.254,
8/28/11 12:30,73.85,75.452,
8/28/11 12:45,73.832,75.434,
8/28/11 13:00,73.868,75.578,
8/28/11 13:15,73.832,75.578,
8/28/11 13:30,73.796,75.632,
8/28/11 13:45,73.724,75.434,
8/28/11 14:00,73.688,75.65,
8/28/11 14:15,73.598,75.704,
8/28/11 14:30,73.382,75.74,
8/28/11 14:45,73.292,75.812,
8/28/11 15:00,73.058,75.56,
8/28/11 15:15,72.986,75.65,
8/28/11 15:30,72.932,75.398,
8/28/11 15:45,72.932,75.452,
8/28/11 16:00,72.932,75.056,
8/28/11 16:15,72.968,75.2,
8/28/11 16:30,73.004,75.092,
8/28/11 16:45,73.094,74.75,
8/28/11 17:00,73.166,74.75,
8/28/11 17:15,73.148,75.002,
8/28/11 17:30,73.112,75.11,
8/28/11 17:45,73.022,75.02,
8/28/11 18:00,72.86,74.732,
8/28/11 18:15,72.788,74.39,
8/28/11 18:30,72.662,74.012,
8/28/11 18:45,72.59,73.706,
8/28/11 19:00,72.518,73.508,
8/28/11 19:15,72.446,73.256,
8/28/11 19:30,72.374,73.004,
8/28/11 19:45,72.32,73.238,
8/28/11 20:00,72.248,73.13,
8/28/11 20:15,72.212,73.238,
8/28/11 20:30,72.176,73.292,
8/28/11 20:45,72.158,73.49,
8/28/11 21:00,72.14,73.49,
8/28/11 21:15,72.122,73.616,
8/28/11 21:30,72.086,73.706,
8/28/11 21:45,72.068,73.706,
8/28/11 22:00,72.05,73.598,
8/28/11 22:15,72.014,73.58,
8/28/11 22:30,71.996,73.49,
8/28/11 22:45,71.978,73.364,
8/28/11 23:00,71.96,73.508,
8/28/11 23:15,71.942,73.49,
8/28/11 23:30,71.906,73.418,
8/28/11 23:45,71.87,73.418,
8/29/11 0:00,71.816,73.454,
8/29/11 0:15,71.78,73.256,
8/29/11 0:30,71.726,73.148,
8/29/11 0:45,71.636,72.986,
8/29/11 1:00,71.582,72.914,
8/29/11 1:15,71.492,72.914,
8/29/11 1:30,71.42,72.644,
8/29/11 1:45,71.312,72.644,
8/29/11 2:00,71.222,72.32,
8/29/11 2:15,71.168,72.086,
8/29/11 2:30,71.078,72.176,
8/29/11 2:45,71.024,72.41,
8/29/11 3:00,70.934,72.284,
8/29/11 3:15,70.844,72.194,
8/29/11 3:30,70.772,71.87,
8/29/11 3:45,70.646,71.852,
8/29/11 4:00,70.574,71.798,
8/29/11 4:15,70.43,71.708,
8/29/11 4:30,70.304,71.618,
8/29/11 4:45,70.178,71.654,
8/29/11 5:00,70.052,71.528,
8/29/11 5:15,69.926,71.51,
8/29/11 5:30,69.8,71.474,
8/29/11 5:45,69.656,71.366,
8/29/11 6:00,69.494,71.276,
8/29/11 6:15,69.35,71.168,
8/29/11 6:30,69.152,71.132,
8/29/11 6:45,68.99,70.952,
8/29/11 7:00,68.846,70.754,
8/29/11 7:15,68.63,70.736,
8/29/11 7:30,68.486,70.34,
8/29/11 7:45,68.342,70.304,
8/29/11 8:00,68.18,70.16,
8/29/11 8:15,68.036,70.178,
8/29/11 8:30,67.928,70.016,
8/29/11 8:45,67.802,70.124,
8/29/11 9:00,67.712,69.836,
8/29/11 9:15,67.604,69.926,
8/29/11 9:30,67.514,69.89,
8/29/11 9:45,67.406,69.89,
8/29/11 10:00,67.316,69.998,
8/29/11 10:15,67.244,70.196,
8/29/11 10:30,67.172,70.16,
8/29/11 10:45,67.118,70.106,
8/29/11 11:00,67.064,70.088,
8/29/11 11:15,67.01,70.124,
8/29/11 11:30,66.992,70.142,
8/29/11 11:45,66.974,70.088,
8/29/11 12:00,66.956,70.124,
8/29/11 12:15,66.938,70.142,
8/29/11 12:30,66.92,70.034,
8/29/11 12:45,66.902,69.998,
8/29/11 13:00,66.884,69.998,
8/29/11 13:15,66.866,69.998,
8/29/11 13:30,66.848,69.962,
8/29/11 13:45,66.848,69.962,
8/29/11 14:00,66.812,70.178,
8/29/11 14:15,66.794,69.962,
8/29/11 14:30,66.758,70.088,
8/29/11 14:45,66.74,70.214,
8/29/11 15:00,66.704,70.124,
8/29/11 15:15,66.686,69.962,
8/29/11 15:30,66.65,70.07,
8/29/11 15:45,66.632,70.07,
8/29/11 16:00,66.578,69.962,
8/29/11 16:15,66.56,70.016,
8/29/11 16:30,66.524,70.088,
8/29/11 16:45,66.488,70.16,
8/29/11 17:00,66.47,70.106,
8/29/11 17:15,66.434,70.016,
8/29/11 17:30,66.398,70.07,
8/29/11 17:45,66.38,70.052,
8/29/11 18:00,66.362,70.016,
8/29/11 18:15,66.326,70.052,
8/29/11 18:30,66.29,70.052,
8/29/11 18:45,66.254,70.034,
8/29/11 19:00,66.236,70.016,
8/29/11 19:15,66.218,70.088,
8/29/11 19:30,66.2,70.232,
8/29/11 19:45,66.164,70.232,
8/29/11 20:00,66.146,70.124,
8/29/11 20:15,66.128,70.124,
8/29/11 20:30,66.11,70.196,
8/29/11 20:45,66.092,70.322,
8/29/11 21:00,66.074,70.304,
8/29/11 21:15,66.056,70.25,
8/29/11 21:30,66.038,70.25,
8/29/11 21:45,66.02,70.268,
8/29/11 22:00,66.002,70.25,
8/29/11 22:15,65.984,70.25,
8/29/11 22:30,65.984,70.232,
8/29/11 22:45,65.966,70.178,
8/29/11 23:00,65.948,70.142,
8/29/11 23:15,65.93,70.178,
8/29/11 23:30,65.912,70.124,
8/29/11 23:45,65.894,70.106,
8/30/11 0:00,65.894,70.124,
8/30/11 0:15,65.876,70.106,
8/30/11 0:30,65.858,70.07,
8/30/11 0:45,65.84,70.052,
8/30/11 1:00,65.822,70.034,
8/30/11 1:15,65.822,70.052,
8/30/11 1:30,65.804,70.016,
8/30/11 1:45,65.786,70.016,
8/30/11 2:00,65.768,69.98,
8/30/11 2:15,65.768,69.962,
8/30/11 2:30,65.75,69.89,
8/30/11 2:45,65.732,69.728,
8/30/11 3:00,65.732,69.89,
8/30/11 3:15,65.714,69.89,
8/30/11 3:30,65.714,69.854,
8/30/11 3:45,65.696,69.854,
8/30/11 4:00,65.696,69.728,
8/30/11 4:15,65.678,69.746,
8/30/11 4:30,65.678,69.674,
8/30/11 4:45,65.678,69.584,
8/30/11 5:00,65.678,69.53,
8/30/11 5:15,65.678,69.512,
8/30/11 5:30,65.678,69.494,
8/30/11 5:45,65.678,69.476,
8/30/11 6:00,65.66,69.494,
8/30/11 6:15,65.66,69.458,
8/30/11 6:30,65.66,69.44,
8/30/11 6:45,65.66,69.422,
8/30/11 7:00,65.66,69.368,
8/30/11 7:15,65.66,69.314,
8/30/11 7:30,65.66,69.242,
8/30/11 7:45,65.66,69.296,
8/30/11 8:00,65.66,69.242,
8/30/11 8:15,65.642,69.206,
8/30/11 8:30,65.66,69.188,
8/30/11 8:45,65.66,69.188,
8/30/11 9:00,65.678,69.098,
8/30/11 9:15,65.678,69.08,
8/30/11 9:30,65.696,69.008,
8/30/11 9:45,65.714,68.9,
8/30/11 10:00,65.732,68.846,
8/30/11 10:15,65.75,68.9,
8/30/11 10:30,65.768,68.828,
8/30/11 10:45,65.804,68.774,
8/30/11 11:00,65.84,68.846,
8/30/11 11:15,65.858,68.882,
8/30/11 11:30,65.894,68.864,
8/30/11 11:45,65.93,68.738,
8/30/11 12:00,65.948,68.81,
8/30/11 12:15,65.984,68.684,
8/30/11 12:30,66.02,68.756,
8/30/11 12:45,66.056,68.666,
8/30/11 13:00,66.11,68.792,
8/30/11 13:15,66.146,68.864,
8/30/11 13:30,66.182,69.908,
8/30/11 13:45,66.236,69.008,
8/30/11 14:00,66.29,70.016,
8/30/11 14:15,66.344,69.17,
8/30/11 14:30,66.398,68.702,
8/30/11 14:45,66.47,68.666,
8/30/11 15:00,66.506,68.774,
8/30/11 15:15,66.542,68.666,
8/30/11 15:30,66.614,69.116,
8/30/11 15:45,66.632,69.098,
8/30/11 16:00,66.65,68.954,
8/30/11 16:15,66.686,69.08,
8/30/11 16:30,66.686,69.062,
8/30/11 16:45,66.722,69.134,
8/30/11 17:00,66.758,69.926,
8/30/11 17:15,66.794,69.008,
8/30/11 17:30,66.812,68.378,
8/30/11 17:45,66.866,68.378,
8/30/11 18:00,66.902,68.45,
8/30/11 18:15,66.92,68.18,
8/30/11 18:30,66.938,68.126,
8/30/11 18:45,66.956,68.198,
8/30/11 19:00,66.974,68.126,
8/30/11 19:15,66.992,68.108,
8/30/11 19:30,67.01,68.162,
8/30/11 19:45,67.046,68.144,
8/30/11 20:00,67.046,68.252,
8/30/11 20:15,67.064,68.27,
8/30/11 20:30,67.082,68.252,
8/30/11 20:45,67.082,68.306,
8/30/11 21:00,67.1,68.342,
8/30/11 21:15,67.1,68.306,
8/30/11 21:30,67.082,68.216,
8/30/11 21:45,67.1,68.144,
8/30/11 22:00,67.082,68.144,
8/30/11 22:15,67.082,68.072,
8/30/11 22:30,67.064,68.054,
8/30/11 22:45,67.064,68.144,
8/30/11 23:00,67.064,68.126,
8/30/11 23:15,67.046,68.144,
8/30/11 23:30,67.046,67.982,
8/30/11 23:45,67.028,68.036,
8/31/11 0:00,67.01,67.964,
8/31/11 0:15,66.992,68.018,
8/31/11 0:30,66.992,68.036,
8/31/11 0:45,66.956,68,
8/31/11 1:00,66.92,67.964,
8/31/11 1:15,66.92,67.964,
8/31/11 1:30,66.884,67.982,
8/31/11 1:45,66.866,67.982,
8/31/11 2:00,66.83,67.964,
8/31/11 2:15,66.848,67.946,
8/31/11 2:30,66.794,67.928,
8/31/11 2:45,66.776,67.946,
8/31/11 3:00,66.776,67.964,
8/31/11 3:15,66.758,67.946,
8/31/11 3:30,66.758,67.91,
8/31/11 3:45,66.704,67.91,
8/31/11 4:00,66.668,67.91,
8/31/11 4:15,66.686,67.928,
8/31/11 4:30,66.668,67.91,
8/31/11 4:45,66.65,67.91,
8/31/11 5:00,66.614,67.892,
8/31/11 5:15,66.596,67.91,
8/31/11 5:30,66.578,67.856,
8/31/11 5:45,66.56,67.856,
8/31/11 6:00,66.542,67.82,
8/31/11 6:15,66.524,67.784,
8/31/11 6:30,66.506,67.766,
8/31/11 6:45,66.452,67.748,
8/31/11 7:00,66.434,67.694,
8/31/11 7:15,66.416,67.622,
8/31/11 7:30,66.398,67.64,
8/31/11 7:45,66.38,67.586,
8/31/11 8:00,66.362,67.55,
8/31/11 8:15,66.326,67.55,
8/31/11 8:30,66.326,67.532,
8/31/11 8:45,66.308,67.55,
8/31/11 9:00,66.308,67.532,
8/31/11 9:15,66.29,67.496,
8/31/11 9:30,66.272,67.478,
8/31/11 9:45,66.272,67.442,
8/31/11 10:00,66.272,67.424,
8/31/11 10:15,66.272,67.424,
8/31/11 10:30,66.29,67.424,
8/31/11 10:45,66.308,67.406,
8/31/11 11:00,66.326,67.406,
8/31/11 11:15,66.362,67.568,
8/31/11 11:30,66.344,67.802,
8/31/11 11:45,66.38,67.64,
8/31/11 12:00,66.398,67.946,
8/31/11 12:15,66.416,67.802,
8/31/11 12:30,66.434,67.766,
8/31/11 12:45,66.488,67.856,
8/31/11 13:00,66.488,67.784,
8/31/11 13:15,66.524,67.946,
8/31/11 13:30,66.56,67.802,
8/31/11 13:45,66.614,67.982,
8/31/11 14:00,66.632,67.802,
8/31/11 14:15,66.668,67.712,
8/31/11 14:30,66.722,67.748,
8/31/11 14:45,66.776,67.694,
8/31/11 15:00,66.776,67.64,
8/31/11 15:15,66.812,67.748,
8/31/11 15:30,66.866,67.964,
8/31/11 15:45,66.812,67.784,
8/31/11 16:00,66.794,67.946,
8/31/11 16:15,66.704,68.648,
8/31/11 16:30,66.686,68.576,
8/31/11 16:45,66.704,68.666,
8/31/11 17:00,66.74,68.234,
8/31/11 17:15,66.74,68.414,
8/31/11 17:30,66.794,68.432,
8/31/11 17:45,66.776,68.018,
8/31/11 18:00,66.902,68.072,
8/31/11 18:15,66.938,68.036,
8/31/11 18:30,66.92,67.964,
8/31/11 18:45,66.956,67.982,
8/31/11 19:00,66.992,67.982,
8/31/11 19:15,67.028,67.874,
8/31/11 19:30,67.064,67.838,
8/31/11 19:45,67.082,67.784,
8/31/11 20:00,67.1,67.712,
8/31/11 20:15,67.1,67.73,
8/31/11 20:30,67.136,67.658,
8/31/11 20:45,67.154,67.64,
8/31/11 21:00,67.19,67.514,
8/31/11 21:15,67.226,67.55,
8/31/11 21:30,67.244,67.676,
8/31/11 21:45,67.262,67.676,
8/31/11 22:00,67.298,67.874,
8/31/11 22:15,67.316,67.874,
8/31/11 22:30,67.352,67.946,
8/31/11 22:45,67.37,67.874,
8/31/11 23:00,67.388,67.856,
8/31/11 23:15,67.406,67.946,
8/31/11 23:30,67.442,67.946,
8/31/11 23:45,67.442,67.874,
9/1/11 0:00,67.46,67.874,
9/1/11 0:15,67.478,67.82,
9/1/11 0:30,67.478,67.82,
9/1/11 0:45,67.496,67.802,
9/1/11 1:00,67.496,67.82,
9/1/11 1:15,67.496,67.784,
9/1/11 1:30,67.496,67.766,
9/1/11 1:45,67.478,67.712,
9/1/11 2:00,67.478,67.676,
9/1/11 2:15,67.478,67.64,
9/1/11 2:30,67.46,67.64,
9/1/11 2:45,67.46,67.622,
9/1/11 3:00,67.442,67.622,
9/1/11 3:15,67.406,67.622,
9/1/11 3:30,67.388,67.604,
9/1/11 3:45,67.37,67.604,
9/1/11 4:00,67.28,67.604,
9/1/11 4:15,67.352,67.604,
9/1/11 4:30,67.298,67.604,
9/1/11 4:45,67.316,67.586,
9/1/11 5:00,67.352,67.604,
9/1/11 5:15,67.316,67.622,
9/1/11 5:30,67.28,67.622,
9/1/11 5:45,67.262,67.64,
9/1/11 6:00,67.262,67.64,
9/1/11 6:15,67.262,67.64,
9/1/11 6:30,67.262,67.64,
9/1/11 6:45,67.28,67.622,
9/1/11 7:00,67.28,67.64,
9/1/11 7:15,67.262,67.658,
9/1/11 7:30,67.262,67.658,
9/1/11 7:45,67.244,67.676,
9/1/11 8:00,67.244,67.676,
9/1/11 8:15,67.226,67.676,
9/1/11 8:30,67.244,67.676,
9/1/11 8:45,67.226,67.676,
9/1/11 9:00,67.244,67.676,
9/1/11 9:15,67.208,67.694,
9/1/11 9:30,67.244,67.676,
9/1/11 9:45,67.19,67.676,
9/1/11 10:00,67.226,67.712,
9/1/11 10:15,67.226,67.784,
9/1/11 10:30,67.208,67.802,
9/1/11 10:45,67.208,67.82,
9/1/11 11:00,67.19,67.838,
9/1/11 11:15,67.226,67.856,
9/1/11 11:30,67.226,67.874,
9/1/11 11:45,67.226,68.018,
9/1/11 12:00,67.244,68.972,
9/1/11 12:15,67.244,68.288,
9/1/11 12:30,67.28,68.306,
9/1/11 12:45,67.28,68.54,
9/1/11 13:00,67.316,68.594,
9/1/11 13:15,67.316,68.504,
9/1/11 13:30,67.316,68.342,
9/1/11 13:45,67.352,68.288,
9/1/11 14:00,67.388,68.126,
9/1/11 14:15,67.442,68.27,
9/1/11 14:30,67.496,68.234,
9/1/11 14:45,67.496,68.252,
9/1/11 15:00,67.568,68.738,
9/1/11 15:15,67.604,68.666,
9/1/11 15:30,67.658,68.234,
9/1/11 15:45,67.64,68.378,
9/1/11 16:00,67.604,68.252,
9/1/11 16:15,67.568,68.252,
9/1/11 16:30,67.622,68.27,
9/1/11 16:45,67.604,68.324,
9/1/11 17:00,67.604,68.342,
9/1/11 17:15,67.586,68.576,
9/1/11 17:30,67.568,68.36,
9/1/11 17:45,67.55,68.396,
9/1/11 18:00,67.532,68.486,
9/1/11 18:15,67.532,68.522,
9/1/11 18:30,67.55,68.54,
9/1/11 18:45,67.604,68.504,
9/1/11 19:00,67.532,68.468,
9/1/11 19:15,67.55,68.432,
9/1/11 19:30,67.568,68.288,
9/1/11 19:45,67.676,68.162,
9/1/11 20:00,67.694,68.162,
9/1/11 20:15,67.694,68.18,
9/1/11 20:30,67.676,68.234,
9/1/11 20:45,67.676,68.234,
9/1/11 21:00,67.676,68.216,
9/1/11 21:15,67.694,68.216,
9/1/11 21:30,67.694,68.198,
9/1/11 21:45,67.694,68.216,
9/1/11 22:00,67.694,68.162,
9/1/11 22:15,67.694,68.18,
9/1/11 22:30,67.694,68.198,
9/1/11 22:45,67.694,68.216,
9/1/11 23:00,67.712,68.252,
9/1/11 23:15,67.73,68.36,
9/1/11 23:30,67.748,68.378,
9/1/11 23:45,67.784,68.414,
9/2/11 0:00,67.802,68.396,
9/2/11 0:15,67.82,68.36,
9/2/11 0:30,67.874,68.144,
9/2/11 0:45,67.892,68.198,
9/2/11 1:00,67.91,68.288,
9/2/11 1:15,67.964,68.288,
9/2/11 1:30,68,68.288,
9/2/11 1:45,68,68.252,
9/2/11 2:00,68.036,68.306,
9/2/11 2:15,68.054,68.252,
9/2/11 2:30,68.072,68.252,
9/2/11 2:45,68.09,68.252,
9/2/11 3:00,68.108,68.216,
9/2/11 3:15,68.108,68.198,
9/2/11 3:30,68.108,68.18,
9/2/11 3:45,68.108,68.18,
9/2/11 4:00,68.09,68.144,
9/2/11 4:15,68.072,68.126,
9/2/11 4:30,68.072,68.126,
9/2/11 4:45,68.09,68.126,
9/2/11 5:00,68.09,68.126,
9/2/11 5:15,68.072,68.126,
9/2/11 5:30,68.09,68.108,
9/2/11 5:45,68.072,68.108,
9/2/11 6:00,68.072,68.09,
9/2/11 6:15,67.982,68.072,
9/2/11 6:30,67.982,68.072,
9/2/11 6:45,68,68.036,
9/2/11 7:00,67.964,68.018,
9/2/11 7:15,67.928,68.018,
9/2/11 7:30,67.856,68.054,
9/2/11 7:45,67.91,68.018,
9/2/11 8:00,67.928,68.036,
9/2/11 8:15,67.964,68.072,
9/2/11 8:30,67.964,68.108,
9/2/11 8:45,68,68.09,
9/2/11 9:00,67.964,68.18,
9/2/11 9:15,67.964,68.18,
9/2/11 9:30,67.928,68.198,
9/2/11 9:45,67.964,68.234,
9/2/11 10:00,68,68.216,
9/2/11 10:15,68.018,68.252,
9/2/11 10:30,68.09,68.234,
9/2/11 10:45,68.054,68.252,
9/2/11 11:00,68.09,68.288,
9/2/11 11:15,68.144,68.414,
9/2/11 11:30,68.144,68.684,
9/2/11 11:45,68.108,68.648,
9/2/11 12:00,68.198,68.594,
9/2/11 12:15,68.18,69.782,
9/2/11 12:30,68.252,69.134,
9/2/11 12:45,68.234,68.99,
9/2/11 13:00,68.342,68.936,
9/2/11 13:15,68.45,69.53,
9/2/11 13:30,68.306,69.674,
9/2/11 13:45,68.378,69.782,
9/2/11 14:00,68.378,69.53,
9/2/11 14:15,68.36,69.278,
9/2/11 14:30,68.396,69.08,
9/2/11 14:45,68.378,69.17,
9/2/11 15:00,68.378,69.062,
9/2/11 15:15,68.468,69.116,
9/2/11 15:30,68.45,69.026,
9/2/11 15:45,68.378,69.098,
9/2/11 16:00,68.378,69.224,
9/2/11 16:15,68.468,69.062,
9/2/11 16:30,68.504,69.242,
9/2/11 16:45,68.468,69.134,
9/2/11 17:00,68.432,68.918,
9/2/11 17:15,68.396,68.828,
9/2/11 17:30,68.432,68.828,
9/2/11 17:45,68.414,68.81,
9/2/11 18:00,68.396,68.954,
9/2/11 18:15,68.324,69.008,
9/2/11 18:30,68.36,68.972,
9/2/11 18:45,68.36,68.972,
9/2/11 19:00,68.36,69.008,
9/2/11 19:15,68.342,68.918,
9/2/11 19:30,68.36,69.044,
9/2/11 19:45,68.414,69.026,
9/2/11 20:00,68.414,68.846,
9/2/11 20:15,68.396,68.828,
9/2/11 20:30,68.414,68.882,
9/2/11 20:45,68.414,68.792,
9/2/11 21:00,68.504,68.81,
9/2/11 21:15,68.558,68.864,
9/2/11 21:30,68.54,68.864,
9/2/11 21:45,68.504,68.828,
9/2/11 22:00,68.504,68.828,
9/2/11 22:15,68.468,68.81,
9/2/11 22:30,68.432,68.774,
9/2/11 22:45,68.45,68.792,
9/2/11 23:00,68.414,68.792,
9/2/11 23:15,68.414,68.81,
9/2/11 23:30,68.414,68.81,
9/2/11 23:45,68.414,68.81,
9/3/11 0:00,68.414,68.81,
9/3/11 0:15,68.414,68.882,
9/3/11 0:30,68.414,68.882,
9/3/11 0:45,68.432,68.846,
9/3/11 1:00,68.486,68.882,
9/3/11 1:15,68.522,68.864,
9/3/11 1:30,68.54,68.864,
9/3/11 1:45,68.594,68.792,
9/3/11 2:00,68.612,68.774,
9/3/11 2:15,68.648,68.882,
9/3/11 2:30,68.684,68.846,
9/3/11 2:45,68.756,68.828,
9/3/11 3:00,68.828,68.864,
9/3/11 3:15,68.846,68.864,
9/3/11 3:30,68.9,68.882,
9/3/11 3:45,68.918,68.864,
9/3/11 4:00,69.008,68.828,
9/3/11 4:15,69.044,68.81,
9/3/11 4:30,69.116,68.792,
9/3/11 4:45,69.134,68.792,
9/3/11 5:00,69.116,68.756,
9/3/11 5:15,69.098,68.792,
9/3/11 5:30,69.098,68.72,
9/3/11 5:45,69.062,68.756,
9/3/11 6:00,69.062,68.72,
9/3/11 6:15,69.098,68.702,
9/3/11 6:30,69.08,68.702,
9/3/11 6:45,69.08,68.702,
9/3/11 7:00,69.062,68.684,
9/3/11 7:15,69.098,68.702,
9/3/11 7:30,69.08,68.666,
9/3/11 7:45,69.098,68.666,
9/3/11 8:00,69.08,68.684,
9/3/11 8:15,69.044,68.666,
9/3/11 8:30,69.008,68.702,
9/3/11 8:45,69.008,68.738,
9/3/11 9:00,69.026,68.756,
9/3/11 9:15,69.116,68.81,
9/3/11 9:30,69.134,68.864,
9/3/11 9:45,69.152,68.864,
9/3/11 10:00,69.152,68.882,
9/3/11 10:15,69.134,68.954,
9/3/11 10:30,69.134,68.954,
9/3/11 10:45,69.116,68.9,
9/3/11 11:00,69.098,68.99,
9/3/11 11:15,69.08,68.972,
9/3/11 11:30,69.062,68.99,
9/3/11 11:45,69.044,68.99,
9/3/11 12:00,69.044,69.008,
9/3/11 12:15,69.026,69.008,
9/3/11 12:30,69.026,69.08,
9/3/11 12:45,69.008,69.224,
9/3/11 13:00,68.972,69.62,
9/3/11 13:15,68.972,69.35,
9/3/11 13:30,68.99,69.44,
9/3/11 13:45,68.99,69.602,
9/3/11 14:00,68.99,69.584,
9/3/11 14:15,68.99,70.466,
9/3/11 14:30,68.99,70.196,
9/3/11 14:45,68.99,70.718,
9/3/11 15:00,69.026,70.484,
9/3/11 15:15,69.026,70.43,
9/3/11 15:30,69.026,69.908,
9/3/11 15:45,69.026,70.07,
9/3/11 16:00,69.026,70.088,
9/3/11 16:15,69.008,70.07,
9/3/11 16:30,69.044,70.178,
9/3/11 16:45,69.044,70.25,
9/3/11 17:00,69.062,70.322,
9/3/11 17:15,69.08,69.404,
9/3/11 17:30,69.08,69.422,
9/3/11 17:45,69.062,69.818,
9/3/11 18:00,69.098,69.71,
9/3/11 18:15,69.08,69.638,
9/3/11 18:30,69.098,69.566,
9/3/11 18:45,69.116,69.53,
9/3/11 19:00,69.098,69.494,
9/3/11 19:15,69.08,69.458,
9/3/11 19:30,69.062,69.44,
9/3/11 19:45,69.062,69.404,
9/3/11 20:00,69.098,69.602,
9/3/11 20:15,69.08,69.602,
9/3/11 20:30,69.08,69.602,
9/3/11 20:45,69.062,69.638,
9/3/11 21:00,69.08,69.548,
9/3/11 21:15,69.08,69.44,
9/3/11 21:30,69.08,69.494,
9/3/11 21:45,69.098,69.584,
9/3/11 22:00,69.242,69.458,
9/3/11 22:15,69.152,69.548,
9/3/11 22:30,69.17,69.512,
9/3/11 22:45,69.152,69.512,
9/3/11 23:00,69.116,69.512,
9/3/11 23:15,69.116,69.476,
9/3/11 23:30,69.116,69.512,
9/3/11 23:45,69.116,69.494,
9/4/11 0:00,69.098,69.53,
9/4/11 0:15,69.098,69.512,
9/4/11 0:30,69.08,69.548,
9/4/11 0:45,69.098,69.602,
9/4/11 1:00,69.098,69.566,
9/4/11 1:15,69.098,69.71,
9/4/11 1:30,69.116,69.71,
9/4/11 1:45,69.134,69.746,
9/4/11 2:00,69.152,69.71,
9/4/11 2:15,69.188,69.746,
9/4/11 2:30,69.224,69.818,
9/4/11 2:45,69.314,69.746,
9/4/11 3:00,69.368,69.692,
9/4/11 3:15,69.386,69.71,
9/4/11 3:30,69.476,69.656,
9/4/11 3:45,69.548,69.638,
9/4/11 4:00,69.62,69.656,
9/4/11 4:15,69.638,69.656,
9/4/11 4:30,69.764,69.674,
9/4/11 4:45,69.764,69.674,
9/4/11 5:00,69.836,69.656,
9/4/11 5:15,69.89,69.656,
9/4/11 5:30,69.926,69.638,
9/4/11 5:45,69.944,69.602,
9/4/11 6:00,69.98,69.638,
9/4/11 6:15,69.962,69.566,
9/4/11 6:30,69.944,69.566,
9/4/11 6:45,69.962,69.548,
9/4/11 7:00,69.908,69.566,
9/4/11 7:15,69.926,69.566,
9/4/11 7:30,69.908,69.548,
9/4/11 7:45,69.782,69.494,
9/4/11 8:00,69.836,69.512,
9/4/11 8:15,69.926,69.548,
9/4/11 8:30,69.926,69.566,
9/4/11 8:45,69.908,69.512,
9/4/11 9:00,69.98,69.494,
9/4/11 9:15,69.962,69.566,
9/4/11 9:30,69.944,69.602,
9/4/11 9:45,69.98,69.638,
9/4/11 10:00,69.998,69.674,
9/4/11 10:15,70.034,69.71,
9/4/11 10:30,70.034,69.674,
9/4/11 10:45,70.16,69.71,
9/4/11 11:00,70.196,69.782,
9/4/11 11:15,70.178,69.836,
9/4/11 11:30,70.16,69.836,
9/4/11 11:45,70.16,69.836,
9/4/11 12:00,70.124,69.854,
9/4/11 12:15,70.142,69.89,
9/4/11 12:30,70.124,69.998,
9/4/11 12:45,70.124,70.052,
9/4/11 13:00,70.106,69.908,
9/4/11 13:15,70.106,69.908,
9/4/11 13:30,70.106,70.034,
9/4/11 13:45,70.088,70.052,
9/4/11 14:00,70.106,70.286,
9/4/11 14:15,70.124,70.988,
9/4/11 14:30,70.106,70.25,
9/4/11 14:45,70.25,70.682,
9/4/11 15:00,70.232,70.412,
9/4/11 15:15,70.25,70.556,
9/4/11 15:30,70.214,70.844,
9/4/11 15:45,70.286,70.412,
9/4/11 16:00,70.268,70.394,
9/4/11 16:15,70.232,70.484,
9/4/11 16:30,70.304,70.484,
9/4/11 16:45,70.286,70.394,
9/4/11 17:00,70.304,70.358,
9/4/11 17:15,70.394,70.286,
9/4/11 17:30,70.376,70.376,
9/4/11 17:45,70.376,70.43,
9/4/11 18:00,70.358,70.358,
9/4/11 18:15,70.358,69.872,
9/4/11 18:30,70.34,69.98,
9/4/11 18:45,70.34,69.944,
9/4/11 19:00,70.322,70.052,
9/4/11 19:15,70.322,70.124,
9/4/11 19:30,70.322,70.124,
9/4/11 19:45,70.322,70.088,
9/4/11 20:00,70.322,70.016,
9/4/11 20:15,70.322,69.998,
9/4/11 20:30,70.268,69.998,
9/4/11 20:45,70.25,70.016,
9/4/11 21:00,70.25,70.07,
9/4/11 21:15,70.268,70.016,
9/4/11 21:30,70.286,70.124,
9/4/11 21:45,70.268,70.016,
9/4/11 22:00,70.286,69.998,
9/4/11 22:15,70.286,69.944,
9/4/11 22:30,70.304,69.962,
9/4/11 22:45,70.448,69.962,
9/4/11 23:00,70.43,70.016,
9/4/11 23:15,70.412,69.98,
9/4/11 23:30,70.394,70.034,
9/4/11 23:45,70.376,70.016,
9/5/11 0:00,70.34,70.016,
9/5/11 0:15,70.34,70.016,
9/5/11 0:30,70.34,70.016,
9/5/11 0:45,70.286,70.016,
9/5/11 1:00,70.304,70.052,
9/5/11 1:15,70.304,70.034,
9/5/11 1:30,70.286,70.052,
9/5/11 1:45,70.286,70.052,
9/5/11 2:00,70.286,70.07,
9/5/11 2:15,70.286,70.088,
9/5/11 2:30,70.286,70.178,
9/5/11 2:45,70.322,70.178,
9/5/11 3:00,70.34,70.16,
9/5/11 3:15,70.34,70.16,
9/5/11 3:30,70.358,70.178,
9/5/11 3:45,70.376,70.232,
9/5/11 4:00,70.394,70.124,
9/5/11 4:15,70.43,70.142,
9/5/11 4:30,70.466,70.196,
9/5/11 4:45,70.466,70.196,
9/5/11 5:00,70.502,70.178,
9/5/11 5:15,70.502,70.16,
9/5/11 5:30,70.538,70.16,
9/5/11 5:45,70.592,70.16,
9/5/11 6:00,70.61,70.142,
9/5/11 6:15,70.664,70.124,
9/5/11 6:30,70.664,70.088,
9/5/11 6:45,70.682,70.07,
9/5/11 7:00,70.7,70.07,
9/5/11 7:15,70.682,70.052,
9/5/11 7:30,70.7,70.07,
9/5/11 7:45,70.7,70.034,
9/5/11 8:00,70.718,70.034,
9/5/11 8:15,70.736,70.034,
9/5/11 8:30,70.754,70.034,
9/5/11 8:45,70.718,70.052,
9/5/11 9:00,70.754,70.052,
9/5/11 9:15,70.754,70.07,
9/5/11 9:30,70.736,70.07,
9/5/11 9:45,70.88,70.07,
9/5/11 10:00,70.79,70.088,
9/5/11 10:15,70.754,70.106,
9/5/11 10:30,70.754,70.106,
9/5/11 10:45,70.79,70.106,
9/5/11 11:00,70.88,70.124,
9/5/11 11:15,70.862,70.16,
9/5/11 11:30,70.808,70.16,
9/5/11 11:45,70.844,70.16,
9/5/11 12:00,70.844,70.142,
9/5/11 12:15,70.862,70.178,
9/5/11 12:30,70.862,70.178,
9/5/11 12:45,70.862,70.214,
9/5/11 13:00,70.862,70.196,
9/5/11 13:15,70.862,70.232,
9/5/11 13:30,70.88,70.25,
9/5/11 13:45,70.862,70.25,
9/5/11 14:00,70.88,70.25,
9/5/11 14:15,70.862,70.286,
9/5/11 14:30,70.88,70.304,
9/5/11 14:45,70.88,70.322,
9/5/11 15:00,70.88,70.376,
9/5/11 15:15,70.88,70.466,
9/5/11 15:30,70.88,70.394,
9/5/11 15:45,70.898,70.376,
9/5/11 16:00,70.88,70.376,
9/5/11 16:15,70.88,70.52,
9/5/11 16:30,70.862,70.43,
9/5/11 16:45,70.862,70.448,
9/5/11 17:00,70.862,70.394,
9/5/11 17:15,70.862,70.358,
9/5/11 17:30,70.844,70.394,
9/5/11 17:45,70.826,70.376,
9/5/11 18:00,70.826,70.376,
9/5/11 18:15,70.826,70.358,
9/5/11 18:30,70.79,70.376,
9/5/11 18:45,70.772,70.34,
9/5/11 19:00,70.772,70.34,
9/5/11 19:15,70.736,70.322,
9/5/11 19:30,70.736,70.34,
9/5/11 19:45,70.718,70.322,
9/5/11 20:00,70.718,70.232,
9/5/11 20:15,70.718,70.196,
9/5/11 20:30,70.682,70.214,
9/5/11 20:45,70.682,70.232,
9/5/11 21:00,70.7,70.196,
9/5/11 21:15,70.682,70.178,
9/5/11 21:30,70.7,70.214,
9/5/11 21:45,70.682,70.214,
9/5/11 22:00,70.7,70.214,
9/5/11 22:15,70.7,70.196,
9/5/11 22:30,70.718,70.178,
9/5/11 22:45,70.718,70.16,
9/5/11 23:00,70.718,70.16,
9/5/11 23:15,70.7,70.16,
9/5/11 23:30,70.682,70.16,
9/5/11 23:45,70.7,70.16,